--liquibase formatted sql

-- Beachhead seed data: five concierge-onboarded Northern Virginia churches (Vienna / Oakton /
-- Dunn Loring / Merrifield) inside the geofence box, with a spread of rooms covering every flag
-- combination the UI exercises. One room (renovation-annex) is left Draft to prove the discovery
-- filter hides it. Transcribed from the former Web SeedData.cs with deterministic UUIDs/timestamps.
-- Enum ints: VenueType.Church=0; RoomStatus Draft=0/Published=1.

--changeset steeple:002-seed
INSERT INTO venues ("Id","Name","Slug","Description","Type","AddressLine","Suburb","Postcode","Latitude","Longitude","ContactEmail","ParkingInfo","TransitInfo","IsIdentityVerified","CreatedAtUtc") VALUES
('11111111-1111-1111-1111-111111111111','Grace Community Church of Vienna','grace-community-vienna','A welcoming congregation in the heart of Vienna with a large fellowship hall and several flexible meeting spaces available to local community groups during the week.',0,'120 Maple Avenue East','Vienna','22180',38.9012,-77.2653,'hall@gracevienna.org','Free on-site lot with about 40 spaces, plus unmetered street parking along Maple Avenue East.','On the Fairfax Connector 463 bus route and a short walk from the Vienna shops. Vienna/Fairfax-GMU Metro (Orange line) is a few minutes away by car.',true,'2026-06-13 00:00:00+00'),
('22222222-2222-2222-2222-222222222222','Vienna Presbyterian Church','vienna-presbyterian','Historic church near the W&OD trail offering a sanctuary annex and music room for recitals, rehearsals, and quiet community meetings.',0,'124 Park Street NE','Vienna','22180',38.9018,-77.2589,'rentals@viennapres.org','On-site lot behind the church with additional parking on Park Street NE. Bike racks by the W&OD trail entrance.','Steps from the W&OD trail for cyclists and walkers. Fairfax Connector buses stop on Maple Avenue, two blocks south.',true,'2026-06-13 00:00:00+00'),
('33333333-3333-3333-3333-333333333333','Oakton Baptist Church','oakton-baptist','Spacious suburban church with an indoor gymnasium and classrooms — popular for youth sports, camps, and weekend programs.',0,'10100 Blake Lane','Oakton','22124',38.8901,-77.3008,'facilities@oaktonbaptist.org','Large free parking lot with accessible bays right by the main entrance.','Best reached by car. The Fairfax Connector 605 stops on Blake Lane; Vienna Metro (Orange line) is about 10 minutes away by car.',true,'2026-06-13 00:00:00+00'),
('44444444-4444-4444-4444-444444444444','Dunn Loring United Methodist Church','dunn-loring-umc','Friendly neighborhood church near the Dunn Loring Metro with an arts studio and a free community lounge for local groups.',0,'2316 Gallows Road','Dunn Loring','22027',38.8989,-77.2287,'office@dunnloringumc.org','Free on-site parking off Gallows Road, with step-free access to the lounge and studio.','A 6-minute walk from Dunn Loring–Merrifield Metro (Orange line). Several Metrobus routes stop on Gallows Road outside.',true,'2026-06-13 00:00:00+00'),
('55555555-5555-5555-5555-555555555555','Merrifield Fellowship Church','merrifield-fellowship','Modern church near the Mosaic District offering a flexible main hall for events, classes, and worship gatherings.',0,'2920 Eskridge Road','Merrifield','22031',38.8742,-77.2289,'hello@merrifieldfellowship.org','Shared parking structure next door (free evenings and weekends) plus a small on-site lot.','A 10-minute walk from the Mosaic District. Dunn Loring Metro (Orange line) is one stop away on the 1A/1B Metrobus.',true,'2026-06-13 00:00:00+00');

INSERT INTO rooms ("Id","VenueId","Name","Slug","Description","Capacity","PricePerHour","Currency","HouseRules","Status","Amenities","AccessibilityFeatures","AcceptedActivityTypes","CreatedAtUtc") VALUES
('10000000-0000-0000-0000-000000000001','11111111-1111-1111-1111-111111111111','Fellowship Hall','fellowship-hall','Our largest space — a bright open hall with a stage, kitchen access, and seating for community dinners, performances, and large gatherings.',200,45.00,'USD','No alcohol. Clean-up required before departure. Amplified music until 9pm only.',1,1015,7,92,'2026-06-13 00:00:00+00'),
('10000000-0000-0000-0000-000000000002','11111111-1111-1111-1111-111111111111','Youth Activity Room','youth-activity-room','A carpeted multipurpose room ideal for children''s programs, tutoring, and small group activities. Free for nonprofit and youth use.',30,NULL,'USD','Adult supervision required for under-18 groups. Leave the room as you found it.',1,492,3,37,'2026-06-13 00:00:00+00'),
('20000000-0000-0000-0000-000000000001','22222222-2222-2222-2222-222222222222','Music Room','music-room','Acoustically warm room with an upright piano, perfect for choir rehearsals, recitals, and small concerts.',40,35.00,'USD','Piano use included. No food or drink near the instrument.',1,1476,1,112,'2026-06-13 00:00:00+00'),
('20000000-0000-0000-0000-000000000002','22222222-2222-2222-2222-222222222222','Garden Meeting Room','garden-meeting-room','A calm, light-filled room overlooking the church garden. Free for support groups and small community meetings.',18,NULL,'USD','Quiet hours respected — adjacent to the sanctuary. No amplified sound.',1,236,11,12,'2026-06-13 00:00:00+00'),
('30000000-0000-0000-0000-000000000001','33333333-3333-3333-3333-333333333333','Gymnasium','gymnasium','Full-size indoor gym with basketball hoops and floor markings for multiple sports. Ideal for youth leagues and active community programs.',120,60.00,'USD','Non-marking shoes required on the court. No outside food on the gym floor.',1,389,5,7,'2026-06-13 00:00:00+00'),
('30000000-0000-0000-0000-000000000002','33333333-3333-3333-3333-333333333333','Classroom B','classroom-b','Comfortable classroom with whiteboards and Wi-Fi, suited to tutoring, ESL classes, and small workshops.',25,25.00,'USD','Erase whiteboards after use. Stack chairs before leaving.',1,508,19,37,'2026-06-13 00:00:00+00'),
('30000000-0000-0000-0000-000000000003','33333333-3333-3333-3333-333333333333','Renovation Annex (coming soon)','renovation-annex','A new annex currently under renovation. Listing is being prepared and is not yet published.',50,40.00,'USD','TBD.',0,132,1,4,'2026-06-13 00:00:00+00'),
('40000000-0000-0000-0000-000000000001','44444444-4444-4444-4444-444444444444','Art Studio','art-studio','Wipe-clean studio with sinks, easels, and abundant natural light — built for painting classes, craft workshops, and maker meetups.',24,30.00,'USD','Cover tables before messy work. Dispose of materials responsibly.',1,492,3,49,'2026-06-13 00:00:00+00'),
('40000000-0000-0000-0000-000000000002','44444444-4444-4444-4444-444444444444','Community Lounge','community-lounge','Cozy lounge with comfortable seating and a coffee station — free for neighborhood associations and support groups.',20,NULL,'USD','Reset furniture and tidy the coffee station before you leave.',1,460,11,12,'2026-06-13 00:00:00+00'),
('50000000-0000-0000-0000-000000000001','55555555-5555-5555-5555-555555555555','Main Hall','main-hall','A versatile contemporary hall with a small stage, full A/V, and movable seating — works for everything from worship services to community workshops.',150,50.00,'USD','A/V technician available on request. Decorations must be free-standing — no wall fixings.',1,1023,15,124,'2026-06-13 00:00:00+00');

INSERT INTO room_photos ("Id","RoomId","Url","Caption","IsPrimary","SortOrder") VALUES
('c0000000-0000-0000-0000-000000000001','10000000-0000-0000-0000-000000000001','https://picsum.photos/seed/fellowship-hall-1/1200/800','Grace Community Fellowship Hall',true,0),
('c0000000-0000-0000-0000-000000000002','10000000-0000-0000-0000-000000000001','https://picsum.photos/seed/fellowship-hall-2/1200/800','Grace Community Fellowship Hall — view 2',false,1),
('c0000000-0000-0000-0000-000000000003','10000000-0000-0000-0000-000000000001','https://picsum.photos/seed/fellowship-hall-3/1200/800','Grace Community Fellowship Hall — view 3',false,2),
('c0000000-0000-0000-0000-000000000004','10000000-0000-0000-0000-000000000002','https://picsum.photos/seed/youth-activity-room-1/1200/800','Youth Activity Room',true,0),
('c0000000-0000-0000-0000-000000000005','10000000-0000-0000-0000-000000000002','https://picsum.photos/seed/youth-activity-room-2/1200/800','Youth Activity Room — view 2',false,1),
('c0000000-0000-0000-0000-000000000006','10000000-0000-0000-0000-000000000002','https://picsum.photos/seed/youth-activity-room-3/1200/800','Youth Activity Room — view 3',false,2),
('c0000000-0000-0000-0000-000000000007','20000000-0000-0000-0000-000000000001','https://picsum.photos/seed/music-room-1/1200/800','Vienna Presbyterian Music Room',true,0),
('c0000000-0000-0000-0000-000000000008','20000000-0000-0000-0000-000000000001','https://picsum.photos/seed/music-room-2/1200/800','Vienna Presbyterian Music Room — view 2',false,1),
('c0000000-0000-0000-0000-000000000009','20000000-0000-0000-0000-000000000001','https://picsum.photos/seed/music-room-3/1200/800','Vienna Presbyterian Music Room — view 3',false,2),
('c0000000-0000-0000-0000-000000000010','20000000-0000-0000-0000-000000000002','https://picsum.photos/seed/garden-meeting-room-1/1200/800','Garden Meeting Room',true,0),
('c0000000-0000-0000-0000-000000000011','20000000-0000-0000-0000-000000000002','https://picsum.photos/seed/garden-meeting-room-2/1200/800','Garden Meeting Room — view 2',false,1),
('c0000000-0000-0000-0000-000000000012','20000000-0000-0000-0000-000000000002','https://picsum.photos/seed/garden-meeting-room-3/1200/800','Garden Meeting Room — view 3',false,2),
('c0000000-0000-0000-0000-000000000013','30000000-0000-0000-0000-000000000001','https://picsum.photos/seed/gymnasium-1/1200/800','Oakton Baptist Gymnasium',true,0),
('c0000000-0000-0000-0000-000000000014','30000000-0000-0000-0000-000000000001','https://picsum.photos/seed/gymnasium-2/1200/800','Oakton Baptist Gymnasium — view 2',false,1),
('c0000000-0000-0000-0000-000000000015','30000000-0000-0000-0000-000000000001','https://picsum.photos/seed/gymnasium-3/1200/800','Oakton Baptist Gymnasium — view 3',false,2),
('c0000000-0000-0000-0000-000000000016','30000000-0000-0000-0000-000000000002','https://picsum.photos/seed/classroom-b-1/1200/800','Oakton Baptist Classroom B',true,0),
('c0000000-0000-0000-0000-000000000017','30000000-0000-0000-0000-000000000002','https://picsum.photos/seed/classroom-b-2/1200/800','Oakton Baptist Classroom B — view 2',false,1),
('c0000000-0000-0000-0000-000000000018','30000000-0000-0000-0000-000000000002','https://picsum.photos/seed/classroom-b-3/1200/800','Oakton Baptist Classroom B — view 3',false,2),
('c0000000-0000-0000-0000-000000000019','30000000-0000-0000-0000-000000000003','https://picsum.photos/seed/renovation-annex-1/1200/800','Renovation Annex',true,0),
('c0000000-0000-0000-0000-000000000020','30000000-0000-0000-0000-000000000003','https://picsum.photos/seed/renovation-annex-2/1200/800','Renovation Annex — view 2',false,1),
('c0000000-0000-0000-0000-000000000021','30000000-0000-0000-0000-000000000003','https://picsum.photos/seed/renovation-annex-3/1200/800','Renovation Annex — view 3',false,2),
('c0000000-0000-0000-0000-000000000022','40000000-0000-0000-0000-000000000001','https://picsum.photos/seed/art-studio-1/1200/800','Dunn Loring Art Studio',true,0),
('c0000000-0000-0000-0000-000000000023','40000000-0000-0000-0000-000000000001','https://picsum.photos/seed/art-studio-2/1200/800','Dunn Loring Art Studio — view 2',false,1),
('c0000000-0000-0000-0000-000000000024','40000000-0000-0000-0000-000000000001','https://picsum.photos/seed/art-studio-3/1200/800','Dunn Loring Art Studio — view 3',false,2),
('c0000000-0000-0000-0000-000000000025','40000000-0000-0000-0000-000000000002','https://picsum.photos/seed/community-lounge-1/1200/800','Dunn Loring Community Lounge',true,0),
('c0000000-0000-0000-0000-000000000026','40000000-0000-0000-0000-000000000002','https://picsum.photos/seed/community-lounge-2/1200/800','Dunn Loring Community Lounge — view 2',false,1),
('c0000000-0000-0000-0000-000000000027','40000000-0000-0000-0000-000000000002','https://picsum.photos/seed/community-lounge-3/1200/800','Dunn Loring Community Lounge — view 3',false,2),
('c0000000-0000-0000-0000-000000000028','50000000-0000-0000-0000-000000000001','https://picsum.photos/seed/main-hall-1/1200/800','Merrifield Main Hall',true,0),
('c0000000-0000-0000-0000-000000000029','50000000-0000-0000-0000-000000000001','https://picsum.photos/seed/main-hall-2/1200/800','Merrifield Main Hall — view 2',false,1),
('c0000000-0000-0000-0000-000000000030','50000000-0000-0000-0000-000000000001','https://picsum.photos/seed/main-hall-3/1200/800','Merrifield Main Hall — view 3',false,2);
--rollback DELETE FROM room_photos;
--rollback DELETE FROM rooms;
--rollback DELETE FROM venues;
